0,neigh,STRING,hESC,500,0.0000,1.0000,0.9517,0.3424
1,neigh,STRING,hESC,500,0.0000,1.0000,0.9496,0.2811
2,neigh,STRING,hESC,500,0.0000,1.0000,0.9522,0.3158
3,neigh,STRING,hESC,500,0.0000,1.0000,0.9538,0.3334
4,neigh,STRING,hESC,500,0.0000,1.0000,0.9527,0.3559
5,neigh,STRING,hESC,500,0.0000,1.0000,0.9543,0.3681
6,neigh,STRING,hESC,500,0.0000,1.0000,0.9514,0.3487
7,neigh,STRING,hESC,500,0.0000,1.0000,0.9485,0.2975
8,neigh,STRING,hESC,500,0.0000,1.0000,0.9496,0.3024
9,neigh,STRING,hESC,500,0.0000,1.0000,0.9526,0.3576
0,neigh,STRING,hESC,1000,0.0000,1.0000,0.9388,0.3270
1,neigh,STRING,hESC,1000,0.0000,1.0000,0.9388,0.3264
2,neigh,STRING,hESC,1000,0.0000,1.0000,0.9370,0.3069
3,neigh,STRING,hESC,1000,0.0000,1.0000,0.9375,0.2918
4,neigh,STRING,hESC,1000,0.0000,1.0000,0.9387,0.3411
5,neigh,STRING,hESC,1000,0.0000,1.0000,0.9347,0.3366
6,neigh,STRING,hESC,1000,0.0000,1.0000,0.9385,0.3235
7,neigh,STRING,hESC,1000,0.0000,1.0000,0.9387,0.3255
8,neigh,STRING,hESC,1000,0.0000,1.0000,0.9390,0.3489
9,neigh,STRING,hESC,1000,0.0000,1.0000,0.9374,0.3086
0,no_neigh,STRING,hESC,500,0.0000,1.0000,0.9167,0.1663
1,no_neigh,STRING,hESC,500,0.0000,1.0000,0.9092,0.1738
2,no_neigh,STRING,hESC,500,0.0000,1.0000,0.9123,0.1559
3,no_neigh,STRING,hESC,500,0.0000,1.0000,0.9124,0.1692
4,no_neigh,STRING,hESC,500,0.0000,1.0000,0.9108,0.1706
5,no_neigh,STRING,hESC,500,0.0000,1.0000,0.9114,0.1628
6,no_neigh,STRING,hESC,500,0.0000,1.0000,0.9164,0.1786
7,no_neigh,STRING,hESC,500,0.0000,1.0000,0.9056,0.1489
8,no_neigh,STRING,hESC,500,0.0000,1.0000,0.9114,0.1821
9,no_neigh,STRING,hESC,500,0.0000,1.0000,0.9150,0.1791
0,no_neigh,STRING,hESC,1000,0.0000,1.0000,0.9118,0.1923
1,no_neigh,STRING,hESC,1000,0.0000,1.0000,0.9129,0.1937
2,no_neigh,STRING,hESC,1000,0.0000,1.0000,0.9101,0.1766
3,no_neigh,STRING,hESC,1000,0.0000,1.0000,0.9088,0.1795
4,no_neigh,STRING,hESC,1000,0.0000,1.0000,0.9103,0.1791
5,no_neigh,STRING,hESC,1000,0.0000,1.0000,0.9056,0.1839
6,no_neigh,STRING,hESC,1000,0.0000,1.0000,0.9103,0.1806
7,no_neigh,STRING,hESC,1000,0.0000,1.0000,0.9033,0.1809
8,no_neigh,STRING,hESC,1000,0.0000,1.0000,0.9149,0.1992
9,no_neigh,STRING,hESC,1000,0.0000,1.0000,0.9044,0.1566
0,neigh,Specific,hESC,500,0.0000,1.0000,0.8502,0.5632
1,neigh,Specific,hESC,500,0.0000,1.0000,0.8534,0.5688
2,neigh,Specific,hESC,500,0.0000,1.0000,0.8507,0.5656
3,neigh,Specific,hESC,500,0.0000,1.0000,0.8521,0.5655
4,neigh,Specific,hESC,500,0.0000,1.0000,0.8549,0.5604
5,neigh,Specific,hESC,500,0.0000,1.0000,0.8500,0.5616
6,neigh,Specific,hESC,500,0.0000,1.0000,0.8522,0.5659
7,neigh,Specific,hESC,500,0.0000,1.0000,0.8510,0.5611
8,neigh,Specific,hESC,500,0.0000,1.0000,0.8548,0.5704
9,neigh,Specific,hESC,500,0.0000,1.0000,0.8535,0.5678
0,neigh,Specific,hESC,1000,0.0000,1.0000,0.8465,0.5634
1,neigh,Specific,hESC,1000,0.0000,1.0000,0.8523,0.5676
2,neigh,Specific,hESC,1000,0.0000,1.0000,0.8514,0.5716
3,neigh,Specific,hESC,1000,0.0000,1.0000,0.8439,0.5590
4,neigh,Specific,hESC,1000,0.0000,1.0000,0.8465,0.5627
5,neigh,Specific,hESC,1000,0.0000,1.0000,0.8481,0.5631
6,neigh,Specific,hESC,1000,0.0000,1.0000,0.8459,0.5633
7,neigh,Specific,hESC,1000,0.0000,1.0000,0.8421,0.5601
8,neigh,Specific,hESC,1000,0.0000,1.0000,0.8429,0.5601
9,neigh,Specific,hESC,1000,0.0000,1.0000,0.8471,0.5650
0,no_neigh,Specific,hESC,500,0.0000,1.0000,0.8742,0.6001
1,no_neigh,Specific,hESC,500,0.0000,1.0000,0.8766,0.6084
2,no_neigh,Specific,hESC,500,0.0000,1.0000,0.8704,0.5892
3,no_neigh,Specific,hESC,500,0.0000,1.0000,0.8713,0.5891
4,no_neigh,Specific,hESC,500,0.0000,1.0000,0.8755,0.6012
5,no_neigh,Specific,hESC,500,0.0000,1.0000,0.8726,0.5966
6,no_neigh,Specific,hESC,500,0.0000,1.0000,0.8715,0.5929
7,no_neigh,Specific,hESC,500,0.0000,1.0000,0.8748,0.6050
8,no_neigh,Specific,hESC,500,0.0000,1.0000,0.8737,0.5966
9,no_neigh,Specific,hESC,500,0.0000,1.0000,0.8747,0.6008
0,no_neigh,Specific,hESC,1000,0.0000,1.0000,0.8725,0.5892
1,no_neigh,Specific,hESC,1000,0.0000,1.0000,0.8737,0.5898
2,no_neigh,Specific,hESC,1000,0.0000,1.0000,0.8754,0.5954
3,no_neigh,Specific,hESC,1000,0.0000,1.0000,0.8714,0.5806
4,no_neigh,Specific,hESC,1000,0.0000,1.0000,0.8711,0.5834
5,no_neigh,Specific,hESC,1000,0.0000,1.0000,0.8696,0.5791
6,no_neigh,Specific,hESC,1000,0.0000,1.0000,0.8721,0.5830
7,no_neigh,Specific,hESC,1000,0.0000,1.0000,0.8689,0.5751
8,no_neigh,Specific,hESC,1000,0.0000,1.0000,0.8722,0.5869
9,no_neigh,Specific,hESC,1000,0.0000,1.0000,0.8717,0.5861
0,neigh,Non-Specific,hESC,500,0.0000,1.0000,0.8304,0.0752
1,neigh,Non-Specific,hESC,500,0.0000,1.0000,0.8454,0.0902
2,neigh,Non-Specific,hESC,500,0.0000,1.0000,0.8377,0.0907
3,neigh,Non-Specific,hESC,500,0.0000,1.0000,0.8560,0.0949
4,neigh,Non-Specific,hESC,500,0.0000,1.0000,0.8375,0.0838
5,neigh,Non-Specific,hESC,500,0.0000,1.0000,0.8463,0.0879
6,neigh,Non-Specific,hESC,500,0.0000,1.0000,0.8345,0.0810
7,neigh,Non-Specific,hESC,500,0.0000,1.0000,0.8379,0.0793
8,neigh,Non-Specific,hESC,500,0.0000,1.0000,0.8357,0.0784
9,neigh,Non-Specific,hESC,500,0.0000,1.0000,0.8455,0.0855
0,neigh,Non-Specific,hESC,1000,0.0000,1.0000,0.8364,0.0775
1,neigh,Non-Specific,hESC,1000,0.0000,1.0000,0.8286,0.0875
2,neigh,Non-Specific,hESC,1000,0.0000,1.0000,0.8424,0.0851
3,neigh,Non-Specific,hESC,1000,0.0000,1.0000,0.8341,0.0719
4,neigh,Non-Specific,hESC,1000,0.0000,1.0000,0.8299,0.0853
5,neigh,Non-Specific,hESC,1000,0.0000,1.0000,0.8364,0.0845
6,neigh,Non-Specific,hESC,1000,0.0000,1.0000,0.8402,0.0868
7,neigh,Non-Specific,hESC,1000,0.0000,1.0000,0.8423,0.0880
8,neigh,Non-Specific,hESC,1000,0.0000,1.0000,0.8432,0.0824
9,neigh,Non-Specific,hESC,1000,0.0000,1.0000,0.8344,0.0837
0,no_neigh,Non-Specific,hESC,500,0.0000,1.0000,0.7865,0.0470
1,no_neigh,Non-Specific,hESC,500,0.0000,1.0000,0.7777,0.0430
2,no_neigh,Non-Specific,hESC,500,0.0000,1.0000,0.7749,0.0421
3,no_neigh,Non-Specific,hESC,500,0.0000,1.0000,0.7769,0.0433
4,no_neigh,Non-Specific,hESC,500,0.0000,1.0000,0.7823,0.0456
5,no_neigh,Non-Specific,hESC,500,0.0000,1.0000,0.7862,0.0474
6,no_neigh,Non-Specific,hESC,500,0.0000,1.0000,0.7754,0.0420
7,no_neigh,Non-Specific,hESC,500,0.0000,1.0000,0.7751,0.0423
8,no_neigh,Non-Specific,hESC,500,0.0000,1.0000,0.7770,0.0428
9,no_neigh,Non-Specific,hESC,500,0.0000,1.0000,0.7766,0.0427
0,no_neigh,Non-Specific,hESC,1000,0.0000,1.0000,0.7825,0.0413
1,no_neigh,Non-Specific,hESC,1000,0.0000,1.0000,0.7837,0.0414
2,no_neigh,Non-Specific,hESC,1000,0.0000,1.0000,0.7875,0.0431
3,no_neigh,Non-Specific,hESC,1000,0.0000,1.0000,0.7865,0.0437
4,no_neigh,Non-Specific,hESC,1000,0.0000,1.0000,0.7775,0.0393
5,no_neigh,Non-Specific,hESC,1000,0.0000,1.0000,0.7798,0.0408
6,no_neigh,Non-Specific,hESC,1000,0.0000,1.0000,0.7832,0.0413
7,no_neigh,Non-Specific,hESC,1000,0.0000,1.0000,0.7849,0.0419
8,no_neigh,Non-Specific,hESC,1000,0.0000,1.0000,0.7818,0.0408
9,no_neigh,Non-Specific,hESC,1000,0.0000,1.0000,0.7855,0.0427
0,neigh,STRING,hHEP,500,0.0000,1.0000,0.9432,0.3343
1,neigh,STRING,hHEP,500,0.0000,1.0000,0.9455,0.3303
2,neigh,STRING,hHEP,500,0.0000,1.0000,0.9458,0.3509
3,neigh,STRING,hHEP,500,0.0000,1.0000,0.9449,0.3572
4,neigh,STRING,hHEP,500,0.0000,1.0000,0.9451,0.3370
5,neigh,STRING,hHEP,500,0.0000,1.0000,0.9443,0.3420
6,neigh,STRING,hHEP,500,0.0000,1.0000,0.9467,0.3505
7,neigh,STRING,hHEP,500,0.0000,1.0000,0.9470,0.3521
8,neigh,STRING,hHEP,500,0.0000,1.0000,0.9448,0.3560
9,neigh,STRING,hHEP,500,0.0000,1.0000,0.9481,0.3523
0,neigh,STRING,hHEP,1000,0.0000,1.0000,0.9413,0.3461
1,neigh,STRING,hHEP,1000,0.0000,1.0000,0.9402,0.3206
2,neigh,STRING,hHEP,1000,0.0000,1.0000,0.9427,0.3622
3,neigh,STRING,hHEP,1000,0.0000,1.0000,0.9413,0.3448
4,neigh,STRING,hHEP,1000,0.0000,1.0000,0.9398,0.3314
5,neigh,STRING,hHEP,1000,0.0000,1.0000,0.9393,0.3303
6,neigh,STRING,hHEP,1000,0.0000,1.0000,0.9430,0.3604
7,neigh,STRING,hHEP,1000,0.0000,1.0000,0.9390,0.3155
8,neigh,STRING,hHEP,1000,0.0000,1.0000,0.9431,0.3392
9,neigh,STRING,hHEP,1000,0.0000,1.0000,0.9347,0.3080
0,no_neigh,STRING,hHEP,500,0.0000,1.0000,0.8967,0.1909
1,no_neigh,STRING,hHEP,500,0.0000,1.0000,0.9000,0.1973
2,no_neigh,STRING,hHEP,500,0.0000,1.0000,0.9022,0.2151
3,no_neigh,STRING,hHEP,500,0.0000,1.0000,0.8970,0.1719
4,no_neigh,STRING,hHEP,500,0.0000,1.0000,0.9083,0.2118
5,no_neigh,STRING,hHEP,500,0.0000,1.0000,0.8980,0.1877
6,no_neigh,STRING,hHEP,500,0.0000,1.0000,0.9032,0.2006
7,no_neigh,STRING,hHEP,500,0.0000,1.0000,0.8996,0.1846
8,no_neigh,STRING,hHEP,500,0.0000,1.0000,0.8997,0.1881
9,no_neigh,STRING,hHEP,500,0.0000,1.0000,0.9020,0.1881
0,no_neigh,STRING,hHEP,1000,0.0000,1.0000,0.8984,0.1825
1,no_neigh,STRING,hHEP,1000,0.0000,1.0000,0.8892,0.1687
2,no_neigh,STRING,hHEP,1000,0.0000,1.0000,0.8970,0.1844
3,no_neigh,STRING,hHEP,1000,0.0000,1.0000,0.8901,0.1513
4,no_neigh,STRING,hHEP,1000,0.0000,1.0000,0.8914,0.1539
5,no_neigh,STRING,hHEP,1000,0.0000,1.0000,0.8988,0.1685
6,no_neigh,STRING,hHEP,1000,0.0000,1.0000,0.8954,0.1593
7,no_neigh,STRING,hHEP,1000,0.0000,1.0000,0.8997,0.1842
8,no_neigh,STRING,hHEP,1000,0.0000,1.0000,0.8875,0.1485
9,no_neigh,STRING,hHEP,1000,0.0000,1.0000,0.8927,0.1622
0,neigh,Specific,hHEP,500,0.0000,1.0000,0.8967,0.8349
1,neigh,Specific,hHEP,500,0.0000,1.0000,0.8983,0.8368
2,neigh,Specific,hHEP,500,0.0000,1.0000,0.8958,0.8328
3,neigh,Specific,hHEP,500,0.0000,1.0000,0.8961,0.8333
4,neigh,Specific,hHEP,500,0.0000,1.0000,0.8976,0.8363
5,neigh,Specific,hHEP,500,0.0000,1.0000,0.8994,0.8398
6,neigh,Specific,hHEP,500,0.0000,1.0000,0.8968,0.8329
7,neigh,Specific,hHEP,500,0.0000,1.0000,0.8979,0.8362
8,neigh,Specific,hHEP,500,0.0000,1.0000,0.8946,0.8273
9,neigh,Specific,hHEP,500,0.0000,1.0000,0.8958,0.8295
0,neigh,Specific,hHEP,1000,0.0000,1.0000,0.8995,0.8362
1,neigh,Specific,hHEP,1000,0.0000,1.0000,0.8967,0.8299
2,neigh,Specific,hHEP,1000,0.0000,1.0000,0.8988,0.8351
3,neigh,Specific,hHEP,1000,0.0000,1.0000,0.8977,0.8317
4,neigh,Specific,hHEP,1000,0.0000,1.0000,0.8967,0.8306
5,neigh,Specific,hHEP,1000,0.0000,1.0000,0.8958,0.8291
6,neigh,Specific,hHEP,1000,0.0000,1.0000,0.8978,0.8318
7,neigh,Specific,hHEP,1000,0.0000,1.0000,0.8991,0.8389
8,neigh,Specific,hHEP,1000,0.0000,1.0000,0.8982,0.8340
9,neigh,Specific,hHEP,1000,0.0000,1.0000,0.8964,0.8287
0,no_neigh,Specific,hHEP,500,0.0000,1.0000,0.8961,0.8275
1,no_neigh,Specific,hHEP,500,0.0000,1.0000,0.8930,0.8220
2,no_neigh,Specific,hHEP,500,0.0000,1.0000,0.8968,0.8302
3,no_neigh,Specific,hHEP,500,0.0000,1.0000,0.8931,0.8230
4,no_neigh,Specific,hHEP,500,0.0000,1.0000,0.8960,0.8276
5,no_neigh,Specific,hHEP,500,0.0000,1.0000,0.8941,0.8238
6,no_neigh,Specific,hHEP,500,0.0000,1.0000,0.8941,0.8245
7,no_neigh,Specific,hHEP,500,0.0000,1.0000,0.8937,0.8248
8,no_neigh,Specific,hHEP,500,0.0000,1.0000,0.8952,0.8262
9,no_neigh,Specific,hHEP,500,0.0000,1.0000,0.8961,0.8280
0,no_neigh,Specific,hHEP,1000,0.0000,1.0000,0.8830,0.8028
1,no_neigh,Specific,hHEP,1000,0.0000,1.0000,0.8901,0.8168
2,no_neigh,Specific,hHEP,1000,0.0000,1.0000,0.8897,0.8175
3,no_neigh,Specific,hHEP,1000,0.0000,1.0000,0.8951,0.8297
4,no_neigh,Specific,hHEP,1000,0.0000,1.0000,0.8938,0.8252
5,no_neigh,Specific,hHEP,1000,0.0000,1.0000,0.8886,0.8147
6,no_neigh,Specific,hHEP,1000,0.0000,1.0000,0.8954,0.8283
7,no_neigh,Specific,hHEP,1000,0.0000,1.0000,0.8897,0.8201
8,no_neigh,Specific,hHEP,1000,0.0000,1.0000,0.8834,0.8079
9,no_neigh,Specific,hHEP,1000,0.0000,1.0000,0.8886,0.8148
0,neigh,Non-Specific,hHEP,500,0.0000,1.0000,0.8486,0.0754
1,neigh,Non-Specific,hHEP,500,0.0000,1.0000,0.8514,0.0865
2,neigh,Non-Specific,hHEP,500,0.0000,1.0000,0.8466,0.0875
3,neigh,Non-Specific,hHEP,500,0.0000,1.0000,0.8437,0.0724
4,neigh,Non-Specific,hHEP,500,0.0000,1.0000,0.8553,0.0846
5,neigh,Non-Specific,hHEP,500,0.0000,1.0000,0.8516,0.0804
6,neigh,Non-Specific,hHEP,500,0.0000,1.0000,0.8547,0.0821
7,neigh,Non-Specific,hHEP,500,0.0000,1.0000,0.8469,0.0777
8,neigh,Non-Specific,hHEP,500,0.0000,1.0000,0.8555,0.0794
9,neigh,Non-Specific,hHEP,500,0.0000,1.0000,0.8431,0.0698
0,neigh,Non-Specific,hHEP,1000,0.0000,1.0000,0.8431,0.0664
1,neigh,Non-Specific,hHEP,1000,0.0000,1.0000,0.8437,0.0882
2,neigh,Non-Specific,hHEP,1000,0.0000,1.0000,0.8429,0.0817
3,neigh,Non-Specific,hHEP,1000,0.0000,1.0000,0.8359,0.0752
4,neigh,Non-Specific,hHEP,1000,0.0000,1.0000,0.8479,0.0810
5,neigh,Non-Specific,hHEP,1000,0.0000,1.0000,0.8418,0.0725
6,neigh,Non-Specific,hHEP,1000,0.0000,1.0000,0.8393,0.0743
7,neigh,Non-Specific,hHEP,1000,0.0000,1.0000,0.8415,0.0776
8,neigh,Non-Specific,hHEP,1000,0.0000,1.0000,0.8398,0.0765
9,neigh,Non-Specific,hHEP,1000,0.0000,1.0000,0.8351,0.0682
0,no_neigh,Non-Specific,hHEP,500,0.0000,1.0000,0.7942,0.0478
1,no_neigh,Non-Specific,hHEP,500,0.0000,1.0000,0.7987,0.0508
2,no_neigh,Non-Specific,hHEP,500,0.0000,1.0000,0.8033,0.0528
3,no_neigh,Non-Specific,hHEP,500,0.0000,1.0000,0.8011,0.0516
4,no_neigh,Non-Specific,hHEP,500,0.0000,1.0000,0.7967,0.0473
5,no_neigh,Non-Specific,hHEP,500,0.0000,1.0000,0.7977,0.0488
6,no_neigh,Non-Specific,hHEP,500,0.0000,1.0000,0.7996,0.0493
7,no_neigh,Non-Specific,hHEP,500,0.0000,1.0000,0.8007,0.0499
8,no_neigh,Non-Specific,hHEP,500,0.0000,1.0000,0.8011,0.0495
9,no_neigh,Non-Specific,hHEP,500,0.0000,1.0000,0.7996,0.0509
0,no_neigh,Non-Specific,hHEP,1000,0.0000,1.0000,0.8012,0.0436
1,no_neigh,Non-Specific,hHEP,1000,0.0000,1.0000,0.8044,0.0447
2,no_neigh,Non-Specific,hHEP,1000,0.0000,1.0000,0.7992,0.0425
3,no_neigh,Non-Specific,hHEP,1000,0.0000,1.0000,0.7973,0.0421
4,no_neigh,Non-Specific,hHEP,1000,0.0000,1.0000,0.8089,0.0475
5,no_neigh,Non-Specific,hHEP,1000,0.0000,1.0000,0.7996,0.0434
6,no_neigh,Non-Specific,hHEP,1000,0.0000,1.0000,0.7989,0.0437
7,no_neigh,Non-Specific,hHEP,1000,0.0000,1.0000,0.7971,0.0416
8,no_neigh,Non-Specific,hHEP,1000,0.0000,1.0000,0.7985,0.0435
9,no_neigh,Non-Specific,hHEP,1000,0.0000,1.0000,0.7948,0.0412
0,neigh,STRING,mDC,500,0.0000,1.0000,0.9385,0.4157
1,neigh,STRING,mDC,500,0.0000,1.0000,0.9459,0.4624
2,neigh,STRING,mDC,500,0.0000,1.0000,0.9389,0.4274
3,neigh,STRING,mDC,500,0.0000,1.0000,0.9365,0.3827
4,neigh,STRING,mDC,500,0.0000,1.0000,0.9384,0.4193
5,neigh,STRING,mDC,500,0.0000,1.0000,0.9325,0.3282
6,neigh,STRING,mDC,500,0.0000,1.0000,0.9429,0.4508
7,neigh,STRING,mDC,500,0.0000,1.0000,0.9387,0.3745
8,neigh,STRING,mDC,500,0.0000,1.0000,0.9430,0.4360
9,neigh,STRING,mDC,500,0.0000,1.0000,0.9350,0.3855
0,neigh,STRING,mDC,1000,0.0000,1.0000,0.9336,0.3736
1,neigh,STRING,mDC,1000,0.0000,1.0000,0.9353,0.3950
2,neigh,STRING,mDC,1000,0.0000,1.0000,0.9280,0.2913
3,neigh,STRING,mDC,1000,0.0000,1.0000,0.9298,0.3154
4,neigh,STRING,mDC,1000,0.0000,1.0000,0.9268,0.2866
5,neigh,STRING,mDC,1000,0.0000,1.0000,0.9345,0.3992
6,neigh,STRING,mDC,1000,0.0000,1.0000,0.9407,0.4203
7,neigh,STRING,mDC,1000,0.0000,1.0000,0.9383,0.4145
8,neigh,STRING,mDC,1000,0.0000,1.0000,0.9315,0.3554
9,neigh,STRING,mDC,1000,0.0000,1.0000,0.9347,0.3472
0,no_neigh,STRING,mDC,500,0.0000,1.0000,0.9102,0.2233
1,no_neigh,STRING,mDC,500,0.0000,1.0000,0.9096,0.2234
2,no_neigh,STRING,mDC,500,0.0000,1.0000,0.9095,0.2229
3,no_neigh,STRING,mDC,500,0.0000,1.0000,0.9084,0.2216
4,no_neigh,STRING,mDC,500,0.0000,1.0000,0.9125,0.2337
5,no_neigh,STRING,mDC,500,0.0000,1.0000,0.9131,0.2357
6,no_neigh,STRING,mDC,500,0.0000,1.0000,0.9097,0.2229
7,no_neigh,STRING,mDC,500,0.0000,1.0000,0.9093,0.2308
8,no_neigh,STRING,mDC,500,0.0000,1.0000,0.9094,0.2252
9,no_neigh,STRING,mDC,500,0.0000,1.0000,0.9067,0.2154
0,no_neigh,STRING,mDC,1000,0.0000,1.0000,0.9062,0.1805
1,no_neigh,STRING,mDC,1000,0.0000,1.0000,0.9051,0.1783
2,no_neigh,STRING,mDC,1000,0.0000,1.0000,0.9073,0.1856
3,no_neigh,STRING,mDC,1000,0.0000,1.0000,0.9054,0.1833
4,no_neigh,STRING,mDC,1000,0.0000,1.0000,0.9041,0.1770
5,no_neigh,STRING,mDC,1000,0.0000,1.0000,0.9074,0.1805
6,no_neigh,STRING,mDC,1000,0.0000,1.0000,0.9072,0.1875
7,no_neigh,STRING,mDC,1000,0.0000,1.0000,0.9031,0.1859
8,no_neigh,STRING,mDC,1000,0.0000,1.0000,0.9050,0.1775
9,no_neigh,STRING,mDC,1000,0.0000,1.0000,0.9026,0.1820
0,neigh,Specific,mDC,500,0.0000,1.0000,0.7183,0.1212
1,neigh,Specific,mDC,500,0.0000,1.0000,0.7284,0.1328
2,neigh,Specific,mDC,500,0.0000,1.0000,0.7264,0.1293
3,neigh,Specific,mDC,500,0.0000,1.0000,0.7379,0.1342
4,neigh,Specific,mDC,500,0.0000,1.0000,0.7605,0.1434
5,neigh,Specific,mDC,500,0.0000,1.0000,0.7430,0.1411
6,neigh,Specific,mDC,500,0.0000,1.0000,0.7377,0.1303
7,neigh,Specific,mDC,500,0.0000,1.0000,0.7580,0.1451
8,neigh,Specific,mDC,500,0.0000,1.0000,0.7699,0.1452
9,neigh,Specific,mDC,500,0.0000,1.0000,0.7670,0.1449
0,neigh,Specific,mDC,1000,0.0000,1.0000,0.7737,0.1429
1,neigh,Specific,mDC,1000,0.0000,1.0000,0.7651,0.1360
2,neigh,Specific,mDC,1000,0.0000,1.0000,0.7564,0.1404
3,neigh,Specific,mDC,1000,0.0000,1.0000,0.7817,0.1446
4,neigh,Specific,mDC,1000,0.0000,1.0000,0.7540,0.1402
5,neigh,Specific,mDC,1000,0.0000,1.0000,0.7537,0.1420
6,neigh,Specific,mDC,1000,0.0000,1.0000,0.7576,0.1422
7,neigh,Specific,mDC,1000,0.0000,1.0000,0.7554,0.1377
8,neigh,Specific,mDC,1000,0.0000,1.0000,0.7808,0.1407
9,neigh,Specific,mDC,1000,0.0000,1.0000,0.7556,0.1479
0,no_neigh,Specific,mDC,500,0.0000,1.0000,0.7986,0.1633
1,no_neigh,Specific,mDC,500,0.0000,1.0000,0.7994,0.1669
2,no_neigh,Specific,mDC,500,0.0000,1.0000,0.8066,0.1730
3,no_neigh,Specific,mDC,500,0.0000,1.0000,0.8051,0.1712
4,no_neigh,Specific,mDC,500,0.0000,1.0000,0.7978,0.1705
5,no_neigh,Specific,mDC,500,0.0000,1.0000,0.8072,0.1701
6,no_neigh,Specific,mDC,500,0.0000,1.0000,0.8059,0.1718
7,no_neigh,Specific,mDC,500,0.0000,1.0000,0.8086,0.1622
8,no_neigh,Specific,mDC,500,0.0000,1.0000,0.8085,0.1858
9,no_neigh,Specific,mDC,500,0.0000,1.0000,0.8050,0.1668
0,no_neigh,Specific,mDC,1000,0.0000,1.0000,0.8123,0.1765
1,no_neigh,Specific,mDC,1000,0.0000,1.0000,0.8144,0.1641
2,no_neigh,Specific,mDC,1000,0.0000,1.0000,0.8098,0.1637
3,no_neigh,Specific,mDC,1000,0.0000,1.0000,0.8171,0.1736
4,no_neigh,Specific,mDC,1000,0.0000,1.0000,0.8185,0.1674
5,no_neigh,Specific,mDC,1000,0.0000,1.0000,0.8210,0.1789
6,no_neigh,Specific,mDC,1000,0.0000,1.0000,0.8222,0.1771
7,no_neigh,Specific,mDC,1000,0.0000,1.0000,0.8241,0.1838
8,no_neigh,Specific,mDC,1000,0.0000,1.0000,0.8222,0.1729
9,no_neigh,Specific,mDC,1000,0.0000,1.0000,0.8171,0.1639
0,neigh,Non-Specific,mDC,500,0.0000,1.0000,0.8682,0.1024
1,neigh,Non-Specific,mDC,500,0.0000,1.0000,0.8694,0.1031
2,neigh,Non-Specific,mDC,500,0.0000,1.0000,0.8755,0.1167
3,neigh,Non-Specific,mDC,500,0.0000,1.0000,0.8614,0.0882
4,neigh,Non-Specific,mDC,500,0.0000,1.0000,0.8691,0.1094
5,neigh,Non-Specific,mDC,500,0.0000,1.0000,0.8704,0.1071
6,neigh,Non-Specific,mDC,500,0.0000,1.0000,0.8694,0.1176
7,neigh,Non-Specific,mDC,500,0.0000,1.0000,0.8590,0.0805
8,neigh,Non-Specific,mDC,500,0.0000,1.0000,0.8632,0.1017
9,neigh,Non-Specific,mDC,500,0.0000,1.0000,0.8623,0.1111
0,neigh,Non-Specific,mDC,1000,0.0000,1.0000,0.8647,0.0918
1,neigh,Non-Specific,mDC,1000,0.0000,1.0000,0.8629,0.1118
2,neigh,Non-Specific,mDC,1000,0.0000,1.0000,0.8610,0.0852
3,neigh,Non-Specific,mDC,1000,0.0000,1.0000,0.8552,0.0892
4,neigh,Non-Specific,mDC,1000,0.0000,1.0000,0.8420,0.0705
5,neigh,Non-Specific,mDC,1000,0.0000,1.0000,0.8613,0.0907
6,neigh,Non-Specific,mDC,1000,0.0000,1.0000,0.8493,0.0825
7,neigh,Non-Specific,mDC,1000,0.0000,1.0000,0.8682,0.0983
8,neigh,Non-Specific,mDC,1000,0.0000,1.0000,0.8577,0.0866
9,neigh,Non-Specific,mDC,1000,0.0000,1.0000,0.8518,0.0805
0,no_neigh,Non-Specific,mDC,500,0.0000,1.0000,0.8403,0.0710
1,no_neigh,Non-Specific,mDC,500,0.0000,1.0000,0.8482,0.0794
2,no_neigh,Non-Specific,mDC,500,0.0000,1.0000,0.8349,0.0629
3,no_neigh,Non-Specific,mDC,500,0.0000,1.0000,0.8333,0.0654
4,no_neigh,Non-Specific,mDC,500,0.0000,1.0000,0.8429,0.0650
5,no_neigh,Non-Specific,mDC,500,0.0000,1.0000,0.8386,0.0761
6,no_neigh,Non-Specific,mDC,500,0.0000,1.0000,0.8448,0.0738
7,no_neigh,Non-Specific,mDC,500,0.0000,1.0000,0.8404,0.0668
8,no_neigh,Non-Specific,mDC,500,0.0000,1.0000,0.8391,0.0679
9,no_neigh,Non-Specific,mDC,500,0.0000,1.0000,0.8498,0.0759
0,no_neigh,Non-Specific,mDC,1000,0.0000,1.0000,0.8107,0.0523
1,no_neigh,Non-Specific,mDC,1000,0.0000,1.0000,0.8107,0.0544
2,no_neigh,Non-Specific,mDC,1000,0.0000,1.0000,0.8104,0.0528
3,no_neigh,Non-Specific,mDC,1000,0.0000,1.0000,0.8177,0.0578
4,no_neigh,Non-Specific,mDC,1000,0.0000,1.0000,0.8224,0.0598
5,no_neigh,Non-Specific,mDC,1000,0.0000,1.0000,0.8183,0.0595
6,no_neigh,Non-Specific,mDC,1000,0.0000,1.0000,0.8228,0.0565
7,no_neigh,Non-Specific,mDC,1000,0.0000,1.0000,0.8039,0.0507
8,no_neigh,Non-Specific,mDC,1000,0.0000,1.0000,0.8139,0.0529
9,no_neigh,Non-Specific,mDC,1000,0.0000,1.0000,0.8220,0.0559
0,neigh,STRING,mESC,500,0.0000,1.0000,0.9610,0.3544
1,neigh,STRING,mESC,500,0.0000,1.0000,0.9591,0.3498
2,neigh,STRING,mESC,500,0.0000,1.0000,0.9624,0.3666
3,neigh,STRING,mESC,500,0.0000,1.0000,0.9605,0.3622
4,neigh,STRING,mESC,500,0.0000,1.0000,0.9602,0.3691
5,neigh,STRING,mESC,500,0.0000,1.0000,0.9582,0.3529
6,neigh,STRING,mESC,500,0.0000,1.0000,0.9591,0.3517
7,neigh,STRING,mESC,500,0.0000,1.0000,0.9623,0.3768
8,neigh,STRING,mESC,500,0.0000,1.0000,0.9596,0.3516
9,neigh,STRING,mESC,500,0.0000,1.0000,0.9597,0.3556
0,neigh,STRING,mESC,1000,0.0000,1.0000,0.9588,0.3388
1,neigh,STRING,mESC,1000,0.0000,1.0000,0.9582,0.3230
2,neigh,STRING,mESC,1000,0.0000,1.0000,0.9578,0.3592
3,neigh,STRING,mESC,1000,0.0000,1.0000,0.9583,0.3204
4,neigh,STRING,mESC,1000,0.0000,1.0000,0.9588,0.3418
5,neigh,STRING,mESC,1000,0.0000,1.0000,0.9589,0.3412
6,neigh,STRING,mESC,1000,0.0000,1.0000,0.9584,0.3362
7,neigh,STRING,mESC,1000,0.0000,1.0000,0.9597,0.3464
8,neigh,STRING,mESC,1000,0.0000,1.0000,0.9586,0.3477
9,neigh,STRING,mESC,1000,0.0000,1.0000,0.9555,0.3096
0,no_neigh,STRING,mESC,500,0.0000,1.0000,0.9171,0.2061
1,no_neigh,STRING,mESC,500,0.0000,1.0000,0.9192,0.2118
2,no_neigh,STRING,mESC,500,0.0000,1.0000,0.9172,0.2044
3,no_neigh,STRING,mESC,500,0.0000,1.0000,0.9226,0.2245
4,no_neigh,STRING,mESC,500,0.0000,1.0000,0.9171,0.2243
5,no_neigh,STRING,mESC,500,0.0000,1.0000,0.9109,0.1914
6,no_neigh,STRING,mESC,500,0.0000,1.0000,0.9177,0.2082
7,no_neigh,STRING,mESC,500,0.0000,1.0000,0.9192,0.2098
8,no_neigh,STRING,mESC,500,0.0000,1.0000,0.9062,0.2003
9,no_neigh,STRING,mESC,500,0.0000,1.0000,0.9263,0.2181
0,no_neigh,STRING,mESC,1000,0.0000,1.0000,0.9107,0.1551
1,no_neigh,STRING,mESC,1000,0.0000,1.0000,0.9147,0.1597
2,no_neigh,STRING,mESC,1000,0.0000,1.0000,0.9127,0.1609
3,no_neigh,STRING,mESC,1000,0.0000,1.0000,0.9180,0.1632
4,no_neigh,STRING,mESC,1000,0.0000,1.0000,0.9122,0.1567
5,no_neigh,STRING,mESC,1000,0.0000,1.0000,0.9104,0.1563
6,no_neigh,STRING,mESC,1000,0.0000,1.0000,0.9161,0.1686
7,no_neigh,STRING,mESC,1000,0.0000,1.0000,0.9083,0.1735
8,no_neigh,STRING,mESC,1000,0.0000,1.0000,0.9092,0.1580
9,no_neigh,STRING,mESC,1000,0.0000,1.0000,0.9176,0.1652
0,neigh,Specific,mESC,500,0.0000,1.0000,0.9170,0.8301
1,neigh,Specific,mESC,500,0.0000,1.0000,0.9170,0.8303
2,neigh,Specific,mESC,500,0.0000,1.0000,0.9158,0.8293
3,neigh,Specific,mESC,500,0.0000,1.0000,0.9151,0.8245
4,neigh,Specific,mESC,500,0.0000,1.0000,0.9143,0.8245
5,neigh,Specific,mESC,500,0.0000,1.0000,0.9179,0.8343
6,neigh,Specific,mESC,500,0.0000,1.0000,0.9156,0.8314
7,neigh,Specific,mESC,500,0.0000,1.0000,0.9192,0.8373
8,neigh,Specific,mESC,500,0.0000,1.0000,0.9164,0.8327
9,neigh,Specific,mESC,500,0.0000,1.0000,0.9185,0.8358
0,neigh,Specific,mESC,1000,0.0000,1.0000,0.9245,0.8480
1,neigh,Specific,mESC,1000,0.0000,1.0000,0.9291,0.8591
2,neigh,Specific,mESC,1000,0.0000,1.0000,0.9283,0.8559
3,neigh,Specific,mESC,1000,0.0000,1.0000,0.9272,0.8549
4,neigh,Specific,mESC,1000,0.0000,1.0000,0.9221,0.8403
5,neigh,Specific,mESC,1000,0.0000,1.0000,0.9280,0.8558
6,neigh,Specific,mESC,1000,0.0000,1.0000,0.9272,0.8549
7,neigh,Specific,mESC,1000,0.0000,1.0000,0.9288,0.8574
8,neigh,Specific,mESC,1000,0.0000,1.0000,0.9266,0.8519
9,neigh,Specific,mESC,1000,0.0000,1.0000,0.9265,0.8521
0,no_neigh,Specific,mESC,500,0.0000,1.0000,0.9052,0.8136
1,no_neigh,Specific,mESC,500,0.0000,1.0000,0.9036,0.8126
2,no_neigh,Specific,mESC,500,0.0000,1.0000,0.9071,0.8163
3,no_neigh,Specific,mESC,500,0.0000,1.0000,0.9068,0.8193
4,no_neigh,Specific,mESC,500,0.0000,1.0000,0.9028,0.8098
5,no_neigh,Specific,mESC,500,0.0000,1.0000,0.9103,0.8223
6,no_neigh,Specific,mESC,500,0.0000,1.0000,0.9019,0.8078
7,no_neigh,Specific,mESC,500,0.0000,1.0000,0.9050,0.8148
8,no_neigh,Specific,mESC,500,0.0000,1.0000,0.9062,0.8155
9,no_neigh,Specific,mESC,500,0.0000,1.0000,0.9041,0.8114
0,no_neigh,Specific,mESC,1000,0.0000,1.0000,0.9095,0.8175
1,no_neigh,Specific,mESC,1000,0.0000,1.0000,0.9081,0.8156
2,no_neigh,Specific,mESC,1000,0.0000,1.0000,0.9092,0.8206
3,no_neigh,Specific,mESC,1000,0.0000,1.0000,0.9125,0.8223
4,no_neigh,Specific,mESC,1000,0.0000,1.0000,0.9126,0.8240
5,no_neigh,Specific,mESC,1000,0.0000,1.0000,0.9082,0.8159
6,no_neigh,Specific,mESC,1000,0.0000,1.0000,0.9128,0.8256
7,no_neigh,Specific,mESC,1000,0.0000,1.0000,0.9126,0.8260
8,no_neigh,Specific,mESC,1000,0.0000,1.0000,0.9182,0.8351
9,no_neigh,Specific,mESC,1000,0.0000,1.0000,0.9122,0.8260
0,neigh,Non-Specific,mESC,500,0.0000,1.0000,0.8923,0.1390
1,neigh,Non-Specific,mESC,500,0.0000,1.0000,0.8980,0.1515
2,neigh,Non-Specific,mESC,500,0.0000,1.0000,0.8838,0.1199
3,neigh,Non-Specific,mESC,500,0.0000,1.0000,0.8945,0.1433
4,neigh,Non-Specific,mESC,500,0.0000,1.0000,0.8944,0.1472
5,neigh,Non-Specific,mESC,500,0.0000,1.0000,0.8896,0.1304
6,neigh,Non-Specific,mESC,500,0.0000,1.0000,0.8886,0.1283
7,neigh,Non-Specific,mESC,500,0.0000,1.0000,0.8910,0.1354
8,neigh,Non-Specific,mESC,500,0.0000,1.0000,0.8905,0.1384
9,neigh,Non-Specific,mESC,500,0.0000,1.0000,0.8968,0.1483
0,neigh,Non-Specific,mESC,1000,0.0000,1.0000,0.8910,0.1012
1,neigh,Non-Specific,mESC,1000,0.0000,1.0000,0.8872,0.1079
2,neigh,Non-Specific,mESC,1000,0.0000,1.0000,0.8916,0.1231
3,neigh,Non-Specific,mESC,1000,0.0000,1.0000,0.8873,0.1051
4,neigh,Non-Specific,mESC,1000,0.0000,1.0000,0.8885,0.0998
5,neigh,Non-Specific,mESC,1000,0.0000,1.0000,0.8901,0.1178
6,neigh,Non-Specific,mESC,1000,0.0000,1.0000,0.8898,0.1120
7,neigh,Non-Specific,mESC,1000,0.0000,1.0000,0.8911,0.1110
8,neigh,Non-Specific,mESC,1000,0.0000,1.0000,0.8848,0.1027
9,neigh,Non-Specific,mESC,1000,0.0000,1.0000,0.8801,0.0936
0,no_neigh,Non-Specific,mESC,500,0.0000,1.0000,0.8362,0.0587
1,no_neigh,Non-Specific,mESC,500,0.0000,1.0000,0.8408,0.0620
2,no_neigh,Non-Specific,mESC,500,0.0000,1.0000,0.8373,0.0589
3,no_neigh,Non-Specific,mESC,500,0.0000,1.0000,0.8391,0.0638
4,no_neigh,Non-Specific,mESC,500,0.0000,1.0000,0.8382,0.0608
5,no_neigh,Non-Specific,mESC,500,0.0000,1.0000,0.8392,0.0599
6,no_neigh,Non-Specific,mESC,500,0.0000,1.0000,0.8384,0.0583
7,no_neigh,Non-Specific,mESC,500,0.0000,1.0000,0.8392,0.0619
8,no_neigh,Non-Specific,mESC,500,0.0000,1.0000,0.8336,0.0584
9,no_neigh,Non-Specific,mESC,500,0.0000,1.0000,0.8384,0.0608
0,no_neigh,Non-Specific,mESC,1000,0.0000,1.0000,0.8540,0.0668
1,no_neigh,Non-Specific,mESC,1000,0.0000,1.0000,0.8547,0.0626
2,no_neigh,Non-Specific,mESC,1000,0.0000,1.0000,0.8478,0.0624
3,no_neigh,Non-Specific,mESC,1000,0.0000,1.0000,0.8537,0.0652
4,no_neigh,Non-Specific,mESC,1000,0.0000,1.0000,0.8507,0.0610
5,no_neigh,Non-Specific,mESC,1000,0.0000,1.0000,0.8554,0.0635
6,no_neigh,Non-Specific,mESC,1000,0.0000,1.0000,0.8484,0.0643
7,no_neigh,Non-Specific,mESC,1000,0.0000,1.0000,0.8544,0.0638
8,no_neigh,Non-Specific,mESC,1000,0.0000,1.0000,0.8553,0.0649
9,no_neigh,Non-Specific,mESC,1000,0.0000,1.0000,0.8561,0.0654
0,neigh,STRING,mHSC-E,500,0.0000,1.0000,0.9362,0.2713
1,neigh,STRING,mHSC-E,500,0.0000,1.0000,0.9312,0.2405
2,neigh,STRING,mHSC-E,500,0.0000,1.0000,0.9392,0.3062
3,neigh,STRING,mHSC-E,500,0.0000,1.0000,0.9370,0.2849
4,neigh,STRING,mHSC-E,500,0.0000,1.0000,0.9365,0.2893
5,neigh,STRING,mHSC-E,500,0.0000,1.0000,0.9380,0.3042
6,neigh,STRING,mHSC-E,500,0.0000,1.0000,0.9329,0.2604
7,neigh,STRING,mHSC-E,500,0.0000,1.0000,0.9370,0.2752
8,neigh,STRING,mHSC-E,500,0.0000,1.0000,0.9341,0.2625
9,neigh,STRING,mHSC-E,500,0.0000,1.0000,0.9306,0.2286
0,neigh,STRING,mHSC-E,1000,0.0000,1.0000,0.9285,0.3120
1,neigh,STRING,mHSC-E,1000,0.0000,1.0000,0.9296,0.2943
2,neigh,STRING,mHSC-E,1000,0.0000,1.0000,0.9274,0.2456
3,neigh,STRING,mHSC-E,1000,0.0000,1.0000,0.9296,0.3453
4,neigh,STRING,mHSC-E,1000,0.0000,1.0000,0.9298,0.3077
5,neigh,STRING,mHSC-E,1000,0.0000,1.0000,0.9287,0.2707
6,neigh,STRING,mHSC-E,1000,0.0000,1.0000,0.9307,0.2989
7,neigh,STRING,mHSC-E,1000,0.0000,1.0000,0.9356,0.4428
8,neigh,STRING,mHSC-E,1000,0.0000,1.0000,0.9314,0.3186
9,neigh,STRING,mHSC-E,1000,0.0000,1.0000,0.9312,0.3014
0,no_neigh,STRING,mHSC-E,500,0.0000,1.0000,0.8911,0.1785
1,no_neigh,STRING,mHSC-E,500,0.0000,1.0000,0.8912,0.1638
2,no_neigh,STRING,mHSC-E,500,0.0000,1.0000,0.8936,0.2142
3,no_neigh,STRING,mHSC-E,500,0.0000,1.0000,0.8852,0.1499
4,no_neigh,STRING,mHSC-E,500,0.0000,1.0000,0.8865,0.1698
5,no_neigh,STRING,mHSC-E,500,0.0000,1.0000,0.8925,0.1691
6,no_neigh,STRING,mHSC-E,500,0.0000,1.0000,0.8927,0.2016
7,no_neigh,STRING,mHSC-E,500,0.0000,1.0000,0.8957,0.1903
8,no_neigh,STRING,mHSC-E,500,0.0000,1.0000,0.8891,0.1691
9,no_neigh,STRING,mHSC-E,500,0.0000,1.0000,0.8950,0.2169
0,no_neigh,STRING,mHSC-E,1000,0.0000,1.0000,0.8931,0.1934
1,no_neigh,STRING,mHSC-E,1000,0.0000,1.0000,0.8914,0.1948
2,no_neigh,STRING,mHSC-E,1000,0.0000,1.0000,0.8977,0.2412
3,no_neigh,STRING,mHSC-E,1000,0.0000,1.0000,0.9014,0.2643
4,no_neigh,STRING,mHSC-E,1000,0.0000,1.0000,0.8948,0.2002
5,no_neigh,STRING,mHSC-E,1000,0.0000,1.0000,0.8996,0.2129
6,no_neigh,STRING,mHSC-E,1000,0.0000,1.0000,0.8892,0.1915
7,no_neigh,STRING,mHSC-E,1000,0.0000,1.0000,0.8894,0.1764
8,no_neigh,STRING,mHSC-E,1000,0.0000,1.0000,0.9043,0.2501
9,no_neigh,STRING,mHSC-E,1000,0.0000,1.0000,0.9002,0.2154
0,neigh,Specific,mHSC-E,500,0.0000,1.0000,0.9189,0.9396
1,neigh,Specific,mHSC-E,500,0.0000,1.0000,0.9198,0.9399
2,neigh,Specific,mHSC-E,500,0.0000,1.0000,0.9182,0.9383
3,neigh,Specific,mHSC-E,500,0.0000,1.0000,0.9195,0.9393
4,neigh,Specific,mHSC-E,500,0.0000,1.0000,0.9193,0.9393
5,neigh,Specific,mHSC-E,500,0.0000,1.0000,0.9190,0.9392
6,neigh,Specific,mHSC-E,500,0.0000,1.0000,0.9187,0.9389
7,neigh,Specific,mHSC-E,500,0.0000,1.0000,0.9210,0.9412
8,neigh,Specific,mHSC-E,500,0.0000,1.0000,0.9199,0.9399
9,neigh,Specific,mHSC-E,500,0.0000,1.0000,0.9201,0.9395
0,neigh,Specific,mHSC-E,1000,0.0000,1.0000,0.9349,0.9486
1,neigh,Specific,mHSC-E,1000,0.0000,1.0000,0.9357,0.9493
2,neigh,Specific,mHSC-E,1000,0.0000,1.0000,0.9360,0.9496
3,neigh,Specific,mHSC-E,1000,0.0000,1.0000,0.9372,0.9507
4,neigh,Specific,mHSC-E,1000,0.0000,1.0000,0.9360,0.9495
5,neigh,Specific,mHSC-E,1000,0.0000,1.0000,0.9364,0.9503
6,neigh,Specific,mHSC-E,1000,0.0000,1.0000,0.9331,0.9477
7,neigh,Specific,mHSC-E,1000,0.0000,1.0000,0.9367,0.9502
8,neigh,Specific,mHSC-E,1000,0.0000,1.0000,0.9372,0.9509
9,neigh,Specific,mHSC-E,1000,0.0000,1.0000,0.9350,0.9490
0,no_neigh,Specific,mHSC-E,500,0.0000,1.0000,0.9199,0.9408
1,no_neigh,Specific,mHSC-E,500,0.0000,1.0000,0.9209,0.9416
2,no_neigh,Specific,mHSC-E,500,0.0000,1.0000,0.9205,0.9410
3,no_neigh,Specific,mHSC-E,500,0.0000,1.0000,0.9183,0.9399
4,no_neigh,Specific,mHSC-E,500,0.0000,1.0000,0.9196,0.9405
5,no_neigh,Specific,mHSC-E,500,0.0000,1.0000,0.9195,0.9405
6,no_neigh,Specific,mHSC-E,500,0.0000,1.0000,0.9196,0.9406
7,no_neigh,Specific,mHSC-E,500,0.0000,1.0000,0.9195,0.9408
8,no_neigh,Specific,mHSC-E,500,0.0000,1.0000,0.9199,0.9411
9,no_neigh,Specific,mHSC-E,500,0.0000,1.0000,0.9199,0.9402
0,no_neigh,Specific,mHSC-E,1000,0.0000,1.0000,0.9334,0.9476
1,no_neigh,Specific,mHSC-E,1000,0.0000,1.0000,0.9338,0.9476
2,no_neigh,Specific,mHSC-E,1000,0.0000,1.0000,0.9313,0.9459
3,no_neigh,Specific,mHSC-E,1000,0.0000,1.0000,0.9334,0.9477
4,no_neigh,Specific,mHSC-E,1000,0.0000,1.0000,0.9353,0.9491
5,no_neigh,Specific,mHSC-E,1000,0.0000,1.0000,0.9349,0.9487
6,no_neigh,Specific,mHSC-E,1000,0.0000,1.0000,0.9299,0.9450
7,no_neigh,Specific,mHSC-E,1000,0.0000,1.0000,0.9339,0.9478
8,no_neigh,Specific,mHSC-E,1000,0.0000,1.0000,0.9334,0.9476
9,no_neigh,Specific,mHSC-E,1000,0.0000,1.0000,0.9324,0.9470
0,neigh,Non-Specific,mHSC-E,500,0.0000,1.0000,0.8630,0.1936
1,neigh,Non-Specific,mHSC-E,500,0.0000,1.0000,0.8597,0.1525
2,neigh,Non-Specific,mHSC-E,500,0.0000,1.0000,0.8685,0.2077
3,neigh,Non-Specific,mHSC-E,500,0.0000,1.0000,0.8663,0.1889
4,neigh,Non-Specific,mHSC-E,500,0.0000,1.0000,0.8638,0.1835
5,neigh,Non-Specific,mHSC-E,500,0.0000,1.0000,0.8648,0.1648
6,neigh,Non-Specific,mHSC-E,500,0.0000,1.0000,0.8628,0.1779
7,neigh,Non-Specific,mHSC-E,500,0.0000,1.0000,0.8723,0.2147
8,neigh,Non-Specific,mHSC-E,500,0.0000,1.0000,0.8635,0.1595
9,neigh,Non-Specific,mHSC-E,500,0.0000,1.0000,0.8663,0.2002
0,neigh,Non-Specific,mHSC-E,1000,0.0000,1.0000,0.8575,0.2219
1,neigh,Non-Specific,mHSC-E,1000,0.0000,1.0000,0.8665,0.2337
2,neigh,Non-Specific,mHSC-E,1000,0.0000,1.0000,0.8664,0.1904
3,neigh,Non-Specific,mHSC-E,1000,0.0000,1.0000,0.8638,0.2293
4,neigh,Non-Specific,mHSC-E,1000,0.0000,1.0000,0.8581,0.2222
5,neigh,Non-Specific,mHSC-E,1000,0.0000,1.0000,0.8590,0.1899
6,neigh,Non-Specific,mHSC-E,1000,0.0000,1.0000,0.8688,0.2593
7,neigh,Non-Specific,mHSC-E,1000,0.0000,1.0000,0.8696,0.2403
8,neigh,Non-Specific,mHSC-E,1000,0.0000,1.0000,0.8519,0.1357
9,neigh,Non-Specific,mHSC-E,1000,0.0000,1.0000,0.8574,0.2323
0,no_neigh,Non-Specific,mHSC-E,500,0.0000,1.0000,0.7936,0.0624
1,no_neigh,Non-Specific,mHSC-E,500,0.0000,1.0000,0.8034,0.0847
2,no_neigh,Non-Specific,mHSC-E,500,0.0000,1.0000,0.8082,0.0781
3,no_neigh,Non-Specific,mHSC-E,500,0.0000,1.0000,0.8032,0.0709
4,no_neigh,Non-Specific,mHSC-E,500,0.0000,1.0000,0.8134,0.0755
5,no_neigh,Non-Specific,mHSC-E,500,0.0000,1.0000,0.8088,0.0784
6,no_neigh,Non-Specific,mHSC-E,500,0.0000,1.0000,0.8001,0.0672
7,no_neigh,Non-Specific,mHSC-E,500,0.0000,1.0000,0.7950,0.0670
8,no_neigh,Non-Specific,mHSC-E,500,0.0000,1.0000,0.7913,0.0611
9,no_neigh,Non-Specific,mHSC-E,500,0.0000,1.0000,0.8027,0.0705
0,no_neigh,Non-Specific,mHSC-E,1000,0.0000,1.0000,0.7888,0.0644
1,no_neigh,Non-Specific,mHSC-E,1000,0.0000,1.0000,0.7838,0.0606
2,no_neigh,Non-Specific,mHSC-E,1000,0.0000,1.0000,0.7845,0.0618
3,no_neigh,Non-Specific,mHSC-E,1000,0.0000,1.0000,0.7891,0.0626
4,no_neigh,Non-Specific,mHSC-E,1000,0.0000,1.0000,0.7873,0.0620
5,no_neigh,Non-Specific,mHSC-E,1000,0.0000,1.0000,0.7885,0.0630
6,no_neigh,Non-Specific,mHSC-E,1000,0.0000,1.0000,0.7815,0.0570
7,no_neigh,Non-Specific,mHSC-E,1000,0.0000,1.0000,0.7976,0.0703
8,no_neigh,Non-Specific,mHSC-E,1000,0.0000,1.0000,0.7815,0.0653
9,no_neigh,Non-Specific,mHSC-E,1000,0.0000,1.0000,0.7880,0.0703
0,neigh,STRING,mHSC-GM,500,0.0000,1.0000,0.9258,0.3163
1,neigh,STRING,mHSC-GM,500,0.0000,1.0000,0.9279,0.3721
2,neigh,STRING,mHSC-GM,500,0.0000,1.0000,0.9336,0.4599
3,neigh,STRING,mHSC-GM,500,0.0000,1.0000,0.9193,0.3333
4,neigh,STRING,mHSC-GM,500,0.0000,1.0000,0.9262,0.3399
5,neigh,STRING,mHSC-GM,500,0.0000,1.0000,0.9265,0.3635
6,neigh,STRING,mHSC-GM,500,0.0000,1.0000,0.9274,0.3726
7,neigh,STRING,mHSC-GM,500,0.0000,1.0000,0.9301,0.3866
8,neigh,STRING,mHSC-GM,500,0.0000,1.0000,0.9297,0.3161
9,neigh,STRING,mHSC-GM,500,0.0000,1.0000,0.9258,0.3318
0,neigh,STRING,mHSC-GM,1000,0.0000,1.0000,0.9019,0.3255
1,neigh,STRING,mHSC-GM,1000,0.0000,1.0000,0.9015,0.3539
2,neigh,STRING,mHSC-GM,1000,0.0000,1.0000,0.9030,0.3465
3,neigh,STRING,mHSC-GM,1000,0.0000,1.0000,0.8930,0.3201
4,neigh,STRING,mHSC-GM,1000,0.0000,1.0000,0.9004,0.3598
5,neigh,STRING,mHSC-GM,1000,0.0000,1.0000,0.9056,0.3255
6,neigh,STRING,mHSC-GM,1000,0.0000,1.0000,0.8998,0.3091
7,neigh,STRING,mHSC-GM,1000,0.0000,1.0000,0.9083,0.3553
8,neigh,STRING,mHSC-GM,1000,0.0000,1.0000,0.9024,0.3331
9,neigh,STRING,mHSC-GM,1000,0.0000,1.0000,0.9032,0.3447
0,no_neigh,STRING,mHSC-GM,500,0.0000,1.0000,0.8996,0.2547
1,no_neigh,STRING,mHSC-GM,500,0.0000,1.0000,0.8980,0.2734
2,no_neigh,STRING,mHSC-GM,500,0.0000,1.0000,0.8980,0.2596
3,no_neigh,STRING,mHSC-GM,500,0.0000,1.0000,0.8936,0.2438
4,no_neigh,STRING,mHSC-GM,500,0.0000,1.0000,0.8994,0.2425
5,no_neigh,STRING,mHSC-GM,500,0.0000,1.0000,0.9005,0.2461
6,no_neigh,STRING,mHSC-GM,500,0.0000,1.0000,0.8970,0.2581
7,no_neigh,STRING,mHSC-GM,500,0.0000,1.0000,0.8999,0.2469
8,no_neigh,STRING,mHSC-GM,500,0.0000,1.0000,0.8954,0.2546
9,no_neigh,STRING,mHSC-GM,500,0.0000,1.0000,0.9019,0.2941
0,no_neigh,STRING,mHSC-GM,1000,0.0000,1.0000,0.8859,0.3248
1,no_neigh,STRING,mHSC-GM,1000,0.0000,1.0000,0.8757,0.2412
2,no_neigh,STRING,mHSC-GM,1000,0.0000,1.0000,0.8801,0.2291
3,no_neigh,STRING,mHSC-GM,1000,0.0000,1.0000,0.8713,0.2682
4,no_neigh,STRING,mHSC-GM,1000,0.0000,1.0000,0.8761,0.2446
5,no_neigh,STRING,mHSC-GM,1000,0.0000,1.0000,0.8867,0.3006
6,no_neigh,STRING,mHSC-GM,1000,0.0000,1.0000,0.8691,0.2080
7,no_neigh,STRING,mHSC-GM,1000,0.0000,1.0000,0.8715,0.2570
8,no_neigh,STRING,mHSC-GM,1000,0.0000,1.0000,0.8714,0.2642
9,no_neigh,STRING,mHSC-GM,1000,0.0000,1.0000,0.8713,0.2317
0,neigh,Specific,mHSC-GM,500,0.0000,1.0000,0.9158,0.9209
1,neigh,Specific,mHSC-GM,500,0.0000,1.0000,0.9175,0.9245
2,neigh,Specific,mHSC-GM,500,0.0000,1.0000,0.9164,0.9236
3,neigh,Specific,mHSC-GM,500,0.0000,1.0000,0.9159,0.9219
4,neigh,Specific,mHSC-GM,500,0.0000,1.0000,0.9174,0.9251
5,neigh,Specific,mHSC-GM,500,0.0000,1.0000,0.9172,0.9235
6,neigh,Specific,mHSC-GM,500,0.0000,1.0000,0.9195,0.9291
7,neigh,Specific,mHSC-GM,500,0.0000,1.0000,0.9167,0.9225
8,neigh,Specific,mHSC-GM,500,0.0000,1.0000,0.9159,0.9174
9,neigh,Specific,mHSC-GM,500,0.0000,1.0000,0.9149,0.9147
0,neigh,Specific,mHSC-GM,1000,0.0000,1.0000,0.9303,0.9393
1,neigh,Specific,mHSC-GM,1000,0.0000,1.0000,0.9321,0.9419
2,neigh,Specific,mHSC-GM,1000,0.0000,1.0000,0.9307,0.9398
3,neigh,Specific,mHSC-GM,1000,0.0000,1.0000,0.9327,0.9434
4,neigh,Specific,mHSC-GM,1000,0.0000,1.0000,0.9295,0.9355
5,neigh,Specific,mHSC-GM,1000,0.0000,1.0000,0.9315,0.9412
6,neigh,Specific,mHSC-GM,1000,0.0000,1.0000,0.9308,0.9399
7,neigh,Specific,mHSC-GM,1000,0.0000,1.0000,0.9310,0.9398
8,neigh,Specific,mHSC-GM,1000,0.0000,1.0000,0.9304,0.9394
9,neigh,Specific,mHSC-GM,1000,0.0000,1.0000,0.9306,0.9398
0,no_neigh,Specific,mHSC-GM,500,0.0000,1.0000,0.9231,0.9339
1,no_neigh,Specific,mHSC-GM,500,0.0000,1.0000,0.9216,0.9323
2,no_neigh,Specific,mHSC-GM,500,0.0000,1.0000,0.9233,0.9337
3,no_neigh,Specific,mHSC-GM,500,0.0000,1.0000,0.9231,0.9335
4,no_neigh,Specific,mHSC-GM,500,0.0000,1.0000,0.9224,0.9336
5,no_neigh,Specific,mHSC-GM,500,0.0000,1.0000,0.9221,0.9326
6,no_neigh,Specific,mHSC-GM,500,0.0000,1.0000,0.9215,0.9322
7,no_neigh,Specific,mHSC-GM,500,0.0000,1.0000,0.9224,0.9332
8,no_neigh,Specific,mHSC-GM,500,0.0000,1.0000,0.9225,0.9332
9,no_neigh,Specific,mHSC-GM,500,0.0000,1.0000,0.9226,0.9338
0,no_neigh,Specific,mHSC-GM,1000,0.0000,1.0000,0.9345,0.9468
1,no_neigh,Specific,mHSC-GM,1000,0.0000,1.0000,0.9354,0.9476
2,no_neigh,Specific,mHSC-GM,1000,0.0000,1.0000,0.9335,0.9454
3,no_neigh,Specific,mHSC-GM,1000,0.0000,1.0000,0.9358,0.9483
4,no_neigh,Specific,mHSC-GM,1000,0.0000,1.0000,0.9346,0.9474
5,no_neigh,Specific,mHSC-GM,1000,0.0000,1.0000,0.9342,0.9465
6,no_neigh,Specific,mHSC-GM,1000,0.0000,1.0000,0.9340,0.9461
7,no_neigh,Specific,mHSC-GM,1000,0.0000,1.0000,0.9344,0.9471
8,no_neigh,Specific,mHSC-GM,1000,0.0000,1.0000,0.9343,0.9464
9,no_neigh,Specific,mHSC-GM,1000,0.0000,1.0000,0.9351,0.9474
0,neigh,Non-Specific,mHSC-GM,500,0.0000,1.0000,0.8594,0.2937
1,neigh,Non-Specific,mHSC-GM,500,0.0000,1.0000,0.8808,0.2971
2,neigh,Non-Specific,mHSC-GM,500,0.0000,1.0000,0.8447,0.2731
3,neigh,Non-Specific,mHSC-GM,500,0.0000,1.0000,0.8593,0.2490
4,neigh,Non-Specific,mHSC-GM,500,0.0000,1.0000,0.8597,0.3371
5,neigh,Non-Specific,mHSC-GM,500,0.0000,1.0000,0.8601,0.2798
6,neigh,Non-Specific,mHSC-GM,500,0.0000,1.0000,0.8637,0.2706
7,neigh,Non-Specific,mHSC-GM,500,0.0000,1.0000,0.8632,0.2961
8,neigh,Non-Specific,mHSC-GM,500,0.0000,1.0000,0.8347,0.2939
9,neigh,Non-Specific,mHSC-GM,500,0.0000,1.0000,0.8558,0.1537
0,neigh,Non-Specific,mHSC-GM,1000,0.0000,1.0000,0.8563,0.2450
1,neigh,Non-Specific,mHSC-GM,1000,0.0000,1.0000,0.8425,0.2550
2,neigh,Non-Specific,mHSC-GM,1000,0.0000,1.0000,0.8478,0.2466
3,neigh,Non-Specific,mHSC-GM,1000,0.0000,1.0000,0.8463,0.2505
4,neigh,Non-Specific,mHSC-GM,1000,0.0000,1.0000,0.8537,0.2135
5,neigh,Non-Specific,mHSC-GM,1000,0.0000,1.0000,0.8410,0.2065
6,neigh,Non-Specific,mHSC-GM,1000,0.0000,1.0000,0.8435,0.2012
7,neigh,Non-Specific,mHSC-GM,1000,0.0000,1.0000,0.8702,0.2220
8,neigh,Non-Specific,mHSC-GM,1000,0.0000,1.0000,0.8851,0.2183
9,neigh,Non-Specific,mHSC-GM,1000,0.0000,1.0000,0.8619,0.1856
0,no_neigh,Non-Specific,mHSC-GM,500,0.0000,1.0000,0.7668,0.0802
1,no_neigh,Non-Specific,mHSC-GM,500,0.0000,1.0000,0.7537,0.0707
2,no_neigh,Non-Specific,mHSC-GM,500,0.0000,1.0000,0.7635,0.0784
3,no_neigh,Non-Specific,mHSC-GM,500,0.0000,1.0000,0.7629,0.0698
4,no_neigh,Non-Specific,mHSC-GM,500,0.0000,1.0000,0.7470,0.0613
5,no_neigh,Non-Specific,mHSC-GM,500,0.0000,1.0000,0.7544,0.0757
6,no_neigh,Non-Specific,mHSC-GM,500,0.0000,1.0000,0.7550,0.0709
7,no_neigh,Non-Specific,mHSC-GM,500,0.0000,1.0000,0.7602,0.0686
8,no_neigh,Non-Specific,mHSC-GM,500,0.0000,1.0000,0.7520,0.0616
9,no_neigh,Non-Specific,mHSC-GM,500,0.0000,1.0000,0.7542,0.0705
0,no_neigh,Non-Specific,mHSC-GM,1000,0.0000,1.0000,0.8028,0.1244
1,no_neigh,Non-Specific,mHSC-GM,1000,0.0000,1.0000,0.8078,0.1284
2,no_neigh,Non-Specific,mHSC-GM,1000,0.0000,1.0000,0.7999,0.1216
3,no_neigh,Non-Specific,mHSC-GM,1000,0.0000,1.0000,0.8047,0.1168
4,no_neigh,Non-Specific,mHSC-GM,1000,0.0000,1.0000,0.7970,0.1201
5,no_neigh,Non-Specific,mHSC-GM,1000,0.0000,1.0000,0.8006,0.1158
6,no_neigh,Non-Specific,mHSC-GM,1000,0.0000,1.0000,0.8142,0.1425
7,no_neigh,Non-Specific,mHSC-GM,1000,0.0000,1.0000,0.7845,0.1119
8,no_neigh,Non-Specific,mHSC-GM,1000,0.0000,1.0000,0.7875,0.1054
9,no_neigh,Non-Specific,mHSC-GM,1000,0.0000,1.0000,0.8041,0.1298
0,neigh,STRING,mHSC-L,500,0.0000,1.0000,0.9239,0.3738
1,neigh,STRING,mHSC-L,500,0.0000,1.0000,0.9218,0.3664
2,neigh,STRING,mHSC-L,500,0.0000,1.0000,0.9247,0.5451
3,neigh,STRING,mHSC-L,500,0.0000,1.0000,0.9249,0.3815
4,neigh,STRING,mHSC-L,500,0.0000,1.0000,0.9345,0.4855
5,neigh,STRING,mHSC-L,500,0.0000,1.0000,0.9227,0.3797
6,neigh,STRING,mHSC-L,500,0.0000,1.0000,0.9305,0.4938
7,neigh,STRING,mHSC-L,500,0.0000,1.0000,0.9166,0.5687
8,neigh,STRING,mHSC-L,500,0.0000,1.0000,0.9303,0.4230
9,neigh,STRING,mHSC-L,500,0.0000,1.0000,0.9289,0.4627
0,neigh,STRING,mHSC-L,1000,0.0000,1.0000,0.8855,0.3405
1,neigh,STRING,mHSC-L,1000,0.0000,1.0000,0.8864,0.3120
2,neigh,STRING,mHSC-L,1000,0.0000,1.0000,0.8850,0.3068
3,neigh,STRING,mHSC-L,1000,0.0000,1.0000,0.9005,0.3552
4,neigh,STRING,mHSC-L,1000,0.0000,1.0000,0.8985,0.3448
5,neigh,STRING,mHSC-L,1000,0.0000,1.0000,0.9005,0.4365
6,neigh,STRING,mHSC-L,1000,0.0000,1.0000,0.8954,0.3601
7,neigh,STRING,mHSC-L,1000,0.0000,1.0000,0.8907,0.3377
8,neigh,STRING,mHSC-L,1000,0.0000,1.0000,0.8835,0.2898
9,neigh,STRING,mHSC-L,1000,0.0000,1.0000,0.8850,0.2907
0,no_neigh,STRING,mHSC-L,500,0.0000,1.0000,0.8705,0.2671
1,no_neigh,STRING,mHSC-L,500,0.0000,1.0000,0.8614,0.2215
2,no_neigh,STRING,mHSC-L,500,0.0000,1.0000,0.8715,0.2499
3,no_neigh,STRING,mHSC-L,500,0.0000,1.0000,0.8742,0.3038
4,no_neigh,STRING,mHSC-L,500,0.0000,1.0000,0.8582,0.2222
5,no_neigh,STRING,mHSC-L,500,0.0000,1.0000,0.8621,0.2425
6,no_neigh,STRING,mHSC-L,500,0.0000,1.0000,0.8426,0.2394
7,no_neigh,STRING,mHSC-L,500,0.0000,1.0000,0.8715,0.2837
8,no_neigh,STRING,mHSC-L,500,0.0000,1.0000,0.8762,0.2795
9,no_neigh,STRING,mHSC-L,500,0.0000,1.0000,0.8322,0.2143
0,no_neigh,STRING,mHSC-L,1000,0.0000,1.0000,0.8505,0.2164
1,no_neigh,STRING,mHSC-L,1000,0.0000,1.0000,0.8353,0.1950
2,no_neigh,STRING,mHSC-L,1000,0.0000,1.0000,0.8482,0.1949
3,no_neigh,STRING,mHSC-L,1000,0.0000,1.0000,0.8486,0.2223
4,no_neigh,STRING,mHSC-L,1000,0.0000,1.0000,0.8464,0.1840
5,no_neigh,STRING,mHSC-L,1000,0.0000,1.0000,0.8319,0.2439
6,no_neigh,STRING,mHSC-L,1000,0.0000,1.0000,0.8443,0.2038
7,no_neigh,STRING,mHSC-L,1000,0.0000,1.0000,0.8478,0.2352
8,no_neigh,STRING,mHSC-L,1000,0.0000,1.0000,0.8494,0.2039
9,no_neigh,STRING,mHSC-L,1000,0.0000,1.0000,0.8546,0.2175
0,neigh,Specific,mHSC-L,500,0.0000,1.0000,0.8795,0.8847
1,neigh,Specific,mHSC-L,500,0.0000,1.0000,0.8812,0.8866
2,neigh,Specific,mHSC-L,500,0.0000,1.0000,0.8800,0.8853
3,neigh,Specific,mHSC-L,500,0.0000,1.0000,0.8791,0.8839
4,neigh,Specific,mHSC-L,500,0.0000,1.0000,0.8786,0.8848
5,neigh,Specific,mHSC-L,500,0.0000,1.0000,0.8815,0.8867
6,neigh,Specific,mHSC-L,500,0.0000,1.0000,0.8771,0.8831
7,neigh,Specific,mHSC-L,500,0.0000,1.0000,0.8785,0.8838
8,neigh,Specific,mHSC-L,500,0.0000,1.0000,0.8790,0.8844
9,neigh,Specific,mHSC-L,500,0.0000,1.0000,0.8788,0.8845
0,neigh,Specific,mHSC-L,1000,0.0000,1.0000,0.8676,0.8582
1,neigh,Specific,mHSC-L,1000,0.0000,1.0000,0.8609,0.8500
2,neigh,Specific,mHSC-L,1000,0.0000,1.0000,0.8613,0.8486
3,neigh,Specific,mHSC-L,1000,0.0000,1.0000,0.8608,0.8475
4,neigh,Specific,mHSC-L,1000,0.0000,1.0000,0.8614,0.8506
5,neigh,Specific,mHSC-L,1000,0.0000,1.0000,0.8665,0.8563
6,neigh,Specific,mHSC-L,1000,0.0000,1.0000,0.8621,0.8505
7,neigh,Specific,mHSC-L,1000,0.0000,1.0000,0.8615,0.8496
8,neigh,Specific,mHSC-L,1000,0.0000,1.0000,0.8616,0.8514
9,neigh,Specific,mHSC-L,1000,0.0000,1.0000,0.8643,0.8547
0,no_neigh,Specific,mHSC-L,500,0.0000,1.0000,0.8809,0.8834
1,no_neigh,Specific,mHSC-L,500,0.0000,1.0000,0.8787,0.8809
2,no_neigh,Specific,mHSC-L,500,0.0000,1.0000,0.8786,0.8810
3,no_neigh,Specific,mHSC-L,500,0.0000,1.0000,0.8791,0.8822
4,no_neigh,Specific,mHSC-L,500,0.0000,1.0000,0.8796,0.8822
5,no_neigh,Specific,mHSC-L,500,0.0000,1.0000,0.8774,0.8797
6,no_neigh,Specific,mHSC-L,500,0.0000,1.0000,0.8770,0.8783
7,no_neigh,Specific,mHSC-L,500,0.0000,1.0000,0.8814,0.8851
8,no_neigh,Specific,mHSC-L,500,0.0000,1.0000,0.8767,0.8803
9,no_neigh,Specific,mHSC-L,500,0.0000,1.0000,0.8825,0.8865
0,no_neigh,Specific,mHSC-L,1000,0.0000,1.0000,0.8611,0.8464
1,no_neigh,Specific,mHSC-L,1000,0.0000,1.0000,0.8607,0.8455
2,no_neigh,Specific,mHSC-L,1000,0.0000,1.0000,0.8620,0.8482
3,no_neigh,Specific,mHSC-L,1000,0.0000,1.0000,0.8642,0.8500
4,no_neigh,Specific,mHSC-L,1000,0.0000,1.0000,0.8606,0.8455
5,no_neigh,Specific,mHSC-L,1000,0.0000,1.0000,0.8611,0.8460
6,no_neigh,Specific,mHSC-L,1000,0.0000,1.0000,0.8634,0.8491
7,no_neigh,Specific,mHSC-L,1000,0.0000,1.0000,0.8595,0.8453
8,no_neigh,Specific,mHSC-L,1000,0.0000,1.0000,0.8611,0.8471
9,no_neigh,Specific,mHSC-L,1000,0.0000,1.0000,0.8608,0.8452
0,neigh,Non-Specific,mHSC-L,500,0.0000,1.0000,0.7458,0.1220
1,neigh,Non-Specific,mHSC-L,500,0.0000,1.0000,0.7179,0.0949
2,neigh,Non-Specific,mHSC-L,500,0.0000,1.0000,0.6742,0.1003
3,neigh,Non-Specific,mHSC-L,500,0.0000,1.0000,0.6988,0.1624
4,neigh,Non-Specific,mHSC-L,500,0.0000,1.0000,0.7835,0.1174
5,neigh,Non-Specific,mHSC-L,500,0.0000,1.0000,0.6997,0.1363
6,neigh,Non-Specific,mHSC-L,500,0.0000,1.0000,0.7387,0.1606
7,neigh,Non-Specific,mHSC-L,500,0.0000,1.0000,0.7359,0.1523
8,neigh,Non-Specific,mHSC-L,500,0.0000,1.0000,0.7217,0.1672
9,neigh,Non-Specific,mHSC-L,500,0.0000,1.0000,0.7307,0.0979
0,neigh,Non-Specific,mHSC-L,1000,0.0000,1.0000,0.7522,0.1612
1,neigh,Non-Specific,mHSC-L,1000,0.0000,1.0000,0.7102,0.1439
2,neigh,Non-Specific,mHSC-L,1000,0.0000,1.0000,0.7510,0.1602
3,neigh,Non-Specific,mHSC-L,1000,0.0000,1.0000,0.7473,0.1444
4,neigh,Non-Specific,mHSC-L,1000,0.0000,1.0000,0.7386,0.1194
5,neigh,Non-Specific,mHSC-L,1000,0.0000,1.0000,0.7514,0.1589
6,neigh,Non-Specific,mHSC-L,1000,0.0000,1.0000,0.7296,0.0999
7,neigh,Non-Specific,mHSC-L,1000,0.0000,1.0000,0.7434,0.1541
8,neigh,Non-Specific,mHSC-L,1000,0.0000,1.0000,0.7333,0.1014
9,neigh,Non-Specific,mHSC-L,1000,0.0000,1.0000,0.7330,0.1269
0,no_neigh,Non-Specific,mHSC-L,500,0.0000,1.0000,0.5960,0.0607
1,no_neigh,Non-Specific,mHSC-L,500,0.0000,1.0000,0.5985,0.0625
2,no_neigh,Non-Specific,mHSC-L,500,0.0000,1.0000,0.6141,0.0662
3,no_neigh,Non-Specific,mHSC-L,500,0.0000,1.0000,0.6188,0.0706
4,no_neigh,Non-Specific,mHSC-L,500,0.0000,1.0000,0.6001,0.0638
5,no_neigh,Non-Specific,mHSC-L,500,0.0000,1.0000,0.6033,0.0616
6,no_neigh,Non-Specific,mHSC-L,500,0.0000,1.0000,0.6179,0.0660
7,no_neigh,Non-Specific,mHSC-L,500,0.0000,1.0000,0.6096,0.0631
8,no_neigh,Non-Specific,mHSC-L,500,0.0000,1.0000,0.5980,0.0587
9,no_neigh,Non-Specific,mHSC-L,500,0.0000,1.0000,0.6113,0.0609
0,no_neigh,Non-Specific,mHSC-L,1000,0.0000,1.0000,0.6617,0.0696
1,no_neigh,Non-Specific,mHSC-L,1000,0.0000,1.0000,0.6500,0.0687
2,no_neigh,Non-Specific,mHSC-L,1000,0.0000,1.0000,0.6748,0.0721
3,no_neigh,Non-Specific,mHSC-L,1000,0.0000,1.0000,0.6565,0.0680
4,no_neigh,Non-Specific,mHSC-L,1000,0.0000,1.0000,0.6705,0.0687
5,no_neigh,Non-Specific,mHSC-L,1000,0.0000,1.0000,0.6528,0.0673
6,no_neigh,Non-Specific,mHSC-L,1000,0.0000,1.0000,0.6705,0.0695
7,no_neigh,Non-Specific,mHSC-L,1000,0.0000,1.0000,0.6662,0.0716
8,no_neigh,Non-Specific,mHSC-L,1000,0.0000,1.0000,0.6564,0.0681
9,no_neigh,Non-Specific,mHSC-L,1000,0.0000,1.0000,0.6466,0.0643